entity,code,year,value
Afghanistan,AFG,2010,60.7018
Afghanistan,AFG,2011,61.2503
Afghanistan,AFG,2012,61.7349
Afghanistan,AFG,2013,62.1878
Afghanistan,AFG,2014,62.2599
Afghanistan,AFG,2015,62.2695
Afghanistan,AFG,2016,62.6459
Afghanistan,AFG,2017,62.4062
Afghanistan,AFG,2018,62.4434
Afghanistan,AFG,2019,62.9411
Albania,ALB,2010,78.4141
Albania,ALB,2011,78.3029
Albania,ALB,2012,78.0836
Albania,ALB,2013,77.9951
Albania,ALB,2014,78.0291
Albania,ALB,2015,78.358
Albania,ALB,2016,78.6433
Albania,ALB,2017,78.9003
Albania,ALB,2018,79.2377
Albania,ALB,2019,79.4669
Algeria,DZA,2010,74.1435
Algeria,DZA,2011,74.3834
Algeria,DZA,2012,74.6086
Algeria,DZA,2013,74.8095
Algeria,DZA,2014,74.9923
Algeria,DZA,2015,75.1589
Algeria,DZA,2016,75.3099
Algeria,DZA,2017,75.4313
Algeria,DZA,2018,75.5554
Algeria,DZA,2019,75.6818
Andorra,AND,2010,84.1974
Andorra,AND,2011,84.2965
Andorra,AND,2012,84.3339
Andorra,AND,2013,84.4065
Andorra,AND,2014,84.4853
Andorra,AND,2015,84.5316
Andorra,AND,2016,84.4885
Andorra,AND,2017,84.3595
Andorra,AND,2018,84.2416
Andorra,AND,2019,84.098
Angola,AGO,2010,57.242
Angola,AGO,2011,58.0931
Angola,AGO,2012,58.916
Angola,AGO,2013,59.7048
Angola,AGO,2014,60.3956
Angola,AGO,2015,61.042
Angola,AGO,2016,61.6189
Angola,AGO,2017,62.1221
Angola,AGO,2018,62.6219
Angola,AGO,2019,63.0511
Antigua and Barbuda,ATG,2010,76.7013
Antigua and Barbuda,ATG,2011,77.0227
Antigua and Barbuda,ATG,2012,77.1
Antigua and Barbuda,ATG,2013,77.0496
Antigua and Barbuda,ATG,2014,76.9122
Antigua and Barbuda,ATG,2015,76.8924
Antigua and Barbuda,ATG,2016,76.9684
Antigua and Barbuda,ATG,2017,77.0296
Antigua and Barbuda,ATG,2018,77.1325
Antigua and Barbuda,ATG,2019,77.1681
Argentina,ARG,2010,75.68
Argentina,ARG,2011,76.0998
Argentina,ARG,2012,75.8024
Argentina,ARG,2013,75.8292
Argentina,ARG,2014,76.2678
Argentina,ARG,2015,76.5995
Argentina,ARG,2016,76.105
Argentina,ARG,2017,76.5434
Argentina,ARG,2018,76.7698
Argentina,ARG,2019,76.8475
Armenia,ARM,2010,72.9381
Armenia,ARM,2011,73.1852
Armenia,ARM,2012,73.4396
Armenia,ARM,2013,73.7131
Armenia,ARM,2014,73.98
Armenia,ARM,2015,74.229
Armenia,ARM,2016,74.4937
Armenia,ARM,2017,74.7441
Armenia,ARM,2018,74.9783
Armenia,ARM,2019,75.1931
Australia,AUS,2010,82.0132
Australia,AUS,2011,82.0911
Australia,AUS,2012,82.2966
Australia,AUS,2013,82.5511
Australia,AUS,2014,82.5182
Australia,AUS,2015,82.605
Australia,AUS,2016,82.8014
Australia,AUS,2017,82.7184
Australia,AUS,2018,83.2582
Australia,AUS,2019,83.2412
Austria,AUT,2010,80.4634
Austria,AUT,2011,80.8281
Austria,AUT,2012,80.8407
Austria,AUT,2013,81.078
Austria,AUT,2014,81.39
Austria,AUT,2015,81.1592
Austria,AUT,2016,81.5922
Austria,AUT,2017,81.6387
Austria,AUT,2018,81.6859
Austria,AUT,2019,81.9072
Azerbaijan,AZE,2010,70.3088
Azerbaijan,AZE,2011,70.5651
Azerbaijan,AZE,2012,71.0799
Azerbaijan,AZE,2013,71.4849
Azerbaijan,AZE,2014,71.9304
Azerbaijan,AZE,2015,72.3486
Azerbaijan,AZE,2016,72.5678
Azerbaijan,AZE,2017,72.6943
Azerbaijan,AZE,2018,73.0156
Azerbaijan,AZE,2019,73.29
Bahamas,BHS,2010,73.4487
Bahamas,BHS,2011,73.5712
Bahamas,BHS,2012,73.7069
Bahamas,BHS,2013,73.9304
Bahamas,BHS,2014,74.0286
Bahamas,BHS,2015,73.8047
Bahamas,BHS,2016,74.0421
Bahamas,BHS,2017,74.0314
Bahamas,BHS,2018,74.062
Bahamas,BHS,2019,71.4084
Bahrain,BHR,2010,78.5933
Bahrain,BHR,2011,79.1409
Bahrain,BHR,2012,79.6218
Bahrain,BHR,2013,79.9981
Bahrain,BHR,2014,80.2139
Bahrain,BHR,2015,80.3378
Bahrain,BHR,2016,80.407
Bahrain,BHR,2017,80.4067
Bahrain,BHR,2018,80.4118
Bahrain,BHR,2019,80.4706
Bangladesh,BGD,2010,68.0091
Bangladesh,BGD,2011,68.4988
Bangladesh,BGD,2012,68.9894
Bangladesh,BGD,2013,69.4874
Bangladesh,BGD,2014,70.0162
Bangladesh,BGD,2015,70.5429
Bangladesh,BGD,2016,71.0752
Bangladesh,BGD,2017,71.6056
Bangladesh,BGD,2018,72.1217
Bangladesh,BGD,2019,72.6254
Barbados,BRB,2010,75.4882
Barbados,BRB,2011,75.5985
Barbados,BRB,2012,75.7373
Barbados,BRB,2013,75.816
Barbados,BRB,2014,75.9263
Barbados,BRB,2015,76.0546
Barbados,BRB,2016,76.1681
Barbados,BRB,2017,76.2365
Barbados,BRB,2018,76.3784
Barbados,BRB,2019,76.4951
Belarus,BLR,2010,70.5005
Belarus,BLR,2011,71.0679
Belarus,BLR,2012,71.8
Belarus,BLR,2013,72.6808
Belarus,BLR,2014,73.245
Belarus,BLR,2015,73.7607
Belarus,BLR,2016,74.1532
Belarus,BLR,2017,74.3618
Belarus,BLR,2018,74.3344
Belarus,BLR,2019,74.2555
Belgium,BEL,2010,80.04
Belgium,BEL,2011,80.3664
Belgium,BEL,2012,80.2604
Belgium,BEL,2013,80.4668
Belgium,BEL,2014,81.0802
Belgium,BEL,2015,80.8889
Belgium,BEL,2016,81.2647
Belgium,BEL,2017,81.3624
Belgium,BEL,2018,81.4805
Belgium,BEL,2019,81.8353
Belize,BLZ,2010,70.8753
Belize,BLZ,2011,70.9755
Belize,BLZ,2012,71.1342
Belize,BLZ,2013,71.2757
Belize,BLZ,2014,71.4372
Belize,BLZ,2015,71.6467
Belize,BLZ,2016,71.8433
Belize,BLZ,2017,72.062
Belize,BLZ,2018,72.3215
Belize,BLZ,2019,72.5766
Benin,BEN,2010,58.3873
Benin,BEN,2011,58.4618
Benin,BEN,2012,58.5585
Benin,BEN,2013,58.8634
Benin,BEN,2014,59.0082
Benin,BEN,2015,59.1233
Benin,BEN,2016,59.2826
Benin,BEN,2017,59.5278
Benin,BEN,2018,59.7097
Benin,BEN,2019,59.8875
Bhutan,BTN,2010,68.7648
Bhutan,BTN,2011,69.2802
Bhutan,BTN,2012,69.7589
Bhutan,BTN,2013,70.1611
Bhutan,BTN,2014,70.5035
Bhutan,BTN,2015,70.7971
Bhutan,BTN,2016,71.1193
Bhutan,BTN,2017,71.4127
Bhutan,BTN,2018,71.7113
Bhutan,BTN,2019,72.0049
Bolivia,BOL,2010,66.0033
Bolivia,BOL,2011,66.2816
Bolivia,BOL,2012,66.5858
Bolivia,BOL,2013,66.7773
Bolivia,BOL,2014,66.9697
Bolivia,BOL,2015,67.2052
Bolivia,BOL,2016,67.3925
Bolivia,BOL,2017,67.5357
Bolivia,BOL,2018,67.6992
Bolivia,BOL,2019,67.8198
Bosnia and Herzegovina,BIH,2010,76.827
Bosnia and Herzegovina,BIH,2011,76.9632
Bosnia and Herzegovina,BIH,2012,77.0365
Bosnia and Herzegovina,BIH,2013,77.1292
Bosnia and Herzegovina,BIH,2014,77.089
Bosnia and Herzegovina,BIH,2015,77.0733
Bosnia and Herzegovina,BIH,2016,77.1241
Bosnia and Herzegovina,BIH,2017,77.3855
Bosnia and Herzegovina,BIH,2018,77.9425
Bosnia and Herzegovina,BIH,2019,77.3939
Botswana,BWA,2010,59.1373
Botswana,BWA,2011,59.7149
Botswana,BWA,2012,60.3844
Botswana,BWA,2013,61.2167
Botswana,BWA,2014,62.1675
Botswana,BWA,2015,63.215
Botswana,BWA,2016,64.3199
Botswana,BWA,2017,65.4203
Botswana,BWA,2018,66.3709
Botswana,BWA,2019,67.1668
Brazil,BRA,2010,73.779
Brazil,BRA,2011,74.0473
Brazil,BRA,2012,74.3346
Brazil,BRA,2013,74.6093
Brazil,BRA,2014,74.8225
Brazil,BRA,2015,75.1064
Brazil,BRA,2016,75.0805
Brazil,BRA,2017,75.3835
Brazil,BRA,2018,75.6335
Brazil,BRA,2019,75.8093
Brunei,BRN,2010,74.8195
Brunei,BRN,2011,74.8355
Brunei,BRN,2012,74.8428
Brunei,BRN,2013,74.8544
Brunei,BRN,2014,74.862
Brunei,BRN,2015,74.8802
Brunei,BRN,2016,74.9054
Brunei,BRN,2017,74.9429
Brunei,BRN,2018,74.9915
Brunei,BRN,2019,75.049
Bulgaria,BGR,2010,73.814
Bulgaria,BGR,2011,74.1693
Bulgaria,BGR,2012,74.3373
Bulgaria,BGR,2013,74.8277
Bulgaria,BGR,2014,74.4664
Bulgaria,BGR,2015,74.6208
Bulgaria,BGR,2016,74.8271
Bulgaria,BGR,2017,74.7977
Bulgaria,BGR,2018,74.9325
Bulgaria,BGR,2019,75.0874
Burkina Faso,BFA,2010,56.343
Burkina Faso,BFA,2011,57.0011
Burkina Faso,BFA,2012,57.4574
Burkina Faso,BFA,2013,57.9033
Burkina Faso,BFA,2014,58.3315
Burkina Faso,BFA,2015,58.7777
Burkina Faso,BFA,2016,59.1732
Burkina Faso,BFA,2017,59.5775
Burkina Faso,BFA,2018,59.9719
Burkina Faso,BFA,2019,60.1842
Burundi,BDI,2010,57.0883
Burundi,BDI,2011,57.8039
Burundi,BDI,2012,58.5008
Burundi,BDI,2013,59.1786
Burundi,BDI,2014,59.7644
Burundi,BDI,2015,60.1068
Burundi,BDI,2016,60.7887
Burundi,BDI,2017,61.3452
Burundi,BDI,2018,61.8065
Burundi,BDI,2019,62.1801
Cambodia,KHM,2010,67.3108
Cambodia,KHM,2011,67.8691
Cambodia,KHM,2012,68.3714
Cambodia,KHM,2013,68.7548
Cambodia,KHM,2014,69.1174
Cambodia,KHM,2015,69.3977
Cambodia,KHM,2016,69.6352
Cambodia,KHM,2017,69.8424
Cambodia,KHM,2018,69.9935
Cambodia,KHM,2019,70.1267
Cameroon,CMR,2010,56.9652
Cameroon,CMR,2011,57.482
Cameroon,CMR,2012,58.1696
Cameroon,CMR,2013,58.7305
Cameroon,CMR,2014,59.1301
Cameroon,CMR,2015,59.6866
Cameroon,CMR,2016,60.2934
Cameroon,CMR,2017,60.8174
Cameroon,CMR,2018,61.1888
Cameroon,CMR,2019,61.6952
Canada,CAN,2010,81.3363
Canada,CAN,2011,81.5133
Canada,CAN,2012,81.7037
Canada,CAN,2013,81.7852
Canada,CAN,2014,81.8373
Canada,CAN,2015,81.9084
Canada,CAN,2016,82.0301
Canada,CAN,2017,81.9195
Canada,CAN,2018,81.9247
Canada,CAN,2019,82.2848
Cape Verde,CPV,2010,72.5066
Cape Verde,CPV,2011,72.9131
Cape Verde,CPV,2012,73.3148
Cape Verde,CPV,2013,73.4812
Cape Verde,CPV,2014,73.7885
Cape Verde,CPV,2015,74.0963
Cape Verde,CPV,2016,74.3504
Cape Verde,CPV,2017,74.7103
Cape Verde,CPV,2018,74.8397
Cape Verde,CPV,2019,75.4486
Central African Republic,CAF,2010,46.8707
Central African Republic,CAF,2011,50.107
Central African Republic,CAF,2012,51.3355
Central African Republic,CAF,2013,49.4871
Central African Republic,CAF,2014,40.2652
Central African Republic,CAF,2015,51.9338
Central African Republic,CAF,2016,50.9988
Central African Republic,CAF,2017,45.2315
Central African Republic,CAF,2018,52.2973
Central African Republic,CAF,2019,31.5302
Chad,TCD,2010,50.1067
Chad,TCD,2011,50.4258
Chad,TCD,2012,50.7651
Chad,TCD,2013,51.0508
Chad,TCD,2014,51.1411
Chad,TCD,2015,51.3196
Chad,TCD,2016,51.6027
Chad,TCD,2017,51.8747
Chad,TCD,2018,52.4467
Chad,TCD,2019,52.9927
Chile,CHL,2010,79.0954
Chile,CHL,2011,79.2357
Chile,CHL,2012,79.2211
Chile,CHL,2013,79.5509
Chile,CHL,2014,79.7137
Chile,CHL,2015,80.0079
Chile,CHL,2016,80.2949
Chile,CHL,2017,80.6096
Chile,CHL,2018,80.5594
Chile,CHL,2019,80.3243
China,CHN,2010,75.6679
China,CHN,2011,75.8891
China,CHN,2012,76.2
China,CHN,2013,76.4521
China,CHN,2014,76.7143
China,CHN,2015,76.9755
China,CHN,2016,77.214
China,CHN,2017,77.2353
China,CHN,2018,77.709
China,CHN,2019,77.9396
Colombia,COL,2010,74.8757
Colombia,COL,2011,75.1803
Colombia,COL,2012,75.6106
Colombia,COL,2013,75.8343
Colombia,COL,2014,75.9497
Colombia,COL,2015,76.0665
Colombia,COL,2016,76.2285
Colombia,COL,2017,76.4178
Colombia,COL,2018,76.5791
Colombia,COL,2019,76.7927
Comoros,COM,2010,62.7473
Comoros,COM,2011,63.1048
Comoros,COM,2012,63.4626
Comoros,COM,2013,63.8388
Comoros,COM,2014,64.1427
Comoros,COM,2015,64.4727
Comoros,COM,2016,64.7916
Comoros,COM,2017,65.1272
Comoros,COM,2018,65.4009
Comoros,COM,2019,65.6622
Congo,COG,2010,61.7311
Congo,COG,2011,62.2862
Congo,COG,2012,62.6616
Congo,COG,2013,62.9689
Congo,COG,2014,63.3491
Congo,COG,2015,63.6622
Congo,COG,2016,63.9108
Congo,COG,2017,64.2028
Congo,COG,2018,64.472
Congo,COG,2019,63.1523
Cook Islands,COK,2010,72.7522
Cook Islands,COK,2011,73.0452
Cook Islands,COK,2012,73.3241
Cook Islands,COK,2013,73.6124
Cook Islands,COK,2014,73.8314
Cook Islands,COK,2015,74.0178
Cook Islands,COK,2016,74.1646
Cook Islands,COK,2017,74.3162
Cook Islands,COK,2018,74.4407
Cook Islands,COK,2019,74.5561
Costa Rica,CRI,2010,79.354
Costa Rica,CRI,2011,79.624
Costa Rica,CRI,2012,79.925
Costa Rica,CRI,2013,80.1892
Costa Rica,CRI,2014,80.2313
Costa Rica,CRI,2015,80.4069
Costa Rica,CRI,2016,79.9879
Costa Rica,CRI,2017,79.9944
Costa Rica,CRI,2018,80.0896
Costa Rica,CRI,2019,80.2963
Cote d'Ivoire,CIV,2010,55.282
Cote d'Ivoire,CIV,2011,55.9724
Cote d'Ivoire,CIV,2012,56.5698
Cote d'Ivoire,CIV,2013,57.0571
Cote d'Ivoire,CIV,2014,57.7719
Cote d'Ivoire,CIV,2015,58.2807
Cote d'Ivoire,CIV,2016,58.8136
Cote d'Ivoire,CIV,2017,59.3151
Cote d'Ivoire,CIV,2018,59.7946
Cote d'Ivoire,CIV,2019,60.2741
Croatia,HRV,2010,76.6761
Croatia,HRV,2011,76.9926
Croatia,HRV,2012,77.2841
Croatia,HRV,2013,77.51
Croatia,HRV,2014,77.5144
Croatia,HRV,2015,77.6329
Croatia,HRV,2016,77.6294
Croatia,HRV,2017,77.7264
Croatia,HRV,2018,77.8654
Croatia,HRV,2019,78.197
Cuba,CUB,2010,77.8757
Cuba,CUB,2011,78.0506
Cuba,CUB,2012,78.1618
Cuba,CUB,2013,78.0279
Cuba,CUB,2014,77.8245
Cuba,CUB,2015,77.7453
Cuba,CUB,2016,77.5706
Cuba,CUB,2017,77.3003
Cuba,CUB,2018,77.4259
Cuba,CUB,2019,77.4133
Cyprus,CYP,2010,80.6325
Cyprus,CYP,2011,80.8546
Cyprus,CYP,2012,81.1284
Cyprus,CYP,2013,81.3165
Cyprus,CYP,2014,81.3373
Cyprus,CYP,2015,81.4637
Cyprus,CYP,2016,81.5341
Cyprus,CYP,2017,81.5431
Cyprus,CYP,2018,81.5558
Cyprus,CYP,2019,81.4543
Czechia,CZE,2010,77.5677
Czechia,CZE,2011,77.8144
Czechia,CZE,2012,77.9977
Czechia,CZE,2013,78.169
Czechia,CZE,2014,78.7439
Czechia,CZE,2015,78.5609
Czechia,CZE,2016,78.9744
Czechia,CZE,2017,78.926
Czechia,CZE,2018,78.9612
Czechia,CZE,2019,79.1853
Democratic Republic of Congo,COD,2010,56.4111
Democratic Republic of Congo,COD,2011,56.9106
Democratic Republic of Congo,COD,2012,57.3502
Democratic Republic of Congo,COD,2013,57.7953
Democratic Republic of Congo,COD,2014,58.2355
Democratic Republic of Congo,COD,2015,58.6576
Democratic Republic of Congo,COD,2016,59.0814
Democratic Republic of Congo,COD,2017,59.4952
Democratic Republic of Congo,COD,2018,59.9265
Democratic Republic of Congo,COD,2019,60.2425
Denmark,DNK,2010,79.2473
Denmark,DNK,2011,79.786
Denmark,DNK,2012,80.0822
Denmark,DNK,2013,80.3063
Denmark,DNK,2014,80.6319
Denmark,DNK,2015,80.7394
Denmark,DNK,2016,80.8814
Denmark,DNK,2017,81.1116
Denmark,DNK,2018,80.9909
Denmark,DNK,2019,81.4343
Djibouti,DJI,2010,60.7431
Djibouti,DJI,2011,61.3373
Djibouti,DJI,2012,61.7188
Djibouti,DJI,2013,62.1162
Djibouti,DJI,2014,62.4274
Djibouti,DJI,2015,62.8326
Djibouti,DJI,2016,63.335
Djibouti,DJI,2017,63.71
Djibouti,DJI,2018,64.1051
Djibouti,DJI,2019,64.3809
Dominica,DMA,2010,71.6797
Dominica,DMA,2011,71.5167
Dominica,DMA,2012,71.3909
Dominica,DMA,2013,71.2283
Dominica,DMA,2014,71.1892
Dominica,DMA,2015,69.9683
Dominica,DMA,2016,71.1889
Dominica,DMA,2017,68.6199
Dominica,DMA,2018,71.3779
Dominica,DMA,2019,71.3052
Dominican Republic,DOM,2010,72.0393
Dominican Republic,DOM,2011,72.4958
Dominican Republic,DOM,2012,72.8165
Dominican Republic,DOM,2013,73.0383
Dominican Republic,DOM,2014,73.1449
Dominican Republic,DOM,2015,72.9821
Dominican Republic,DOM,2016,72.8894
Dominican Republic,DOM,2017,73.3702
Dominican Republic,DOM,2018,73.5553
Dominican Republic,DOM,2019,73.1119
East Timor,TLS,2010,63.6599
East Timor,TLS,2011,64.0223
East Timor,TLS,2012,64.3844
East Timor,TLS,2013,64.7189
East Timor,TLS,2014,65.0268
East Timor,TLS,2015,65.3262
East Timor,TLS,2016,65.6099
East Timor,TLS,2017,65.8982
East Timor,TLS,2018,66.2039
East Timor,TLS,2019,66.4964
Ecuador,ECU,2010,75.1876
Ecuador,ECU,2011,75.1794
Ecuador,ECU,2012,75.4857
Ecuador,ECU,2013,75.8322
Ecuador,ECU,2014,76.1409
Ecuador,ECU,2015,76.2219
Ecuador,ECU,2016,76.0942
Ecuador,ECU,2017,76.2197
Ecuador,ECU,2018,77.2484
Ecuador,ECU,2019,77.2862
Egypt,EGY,2010,69.0782
Egypt,EGY,2011,69.2322
Egypt,EGY,2012,69.4643
Egypt,EGY,2013,69.6317
Egypt,EGY,2014,69.9112
Egypt,EGY,2015,70.1346
Egypt,EGY,2016,70.4367
Egypt,EGY,2017,70.7086
Egypt,EGY,2018,70.9741
Egypt,EGY,2019,71.2128
El Salvador,SLV,2010,70.9088
El Salvador,SLV,2011,71.1918
El Salvador,SLV,2012,71.4201
El Salvador,SLV,2013,71.2251
El Salvador,SLV,2014,71.1442
El Salvador,SLV,2015,70.9524
El Salvador,SLV,2016,70.9081
El Salvador,SLV,2017,71.0074
El Salvador,SLV,2018,71.3836
El Salvador,SLV,2019,71.7253
Equatorial Guinea,GNQ,2010,58.3445
Equatorial Guinea,GNQ,2011,58.8268
Equatorial Guinea,GNQ,2012,59.3011
Equatorial Guinea,GNQ,2013,59.784
Equatorial Guinea,GNQ,2014,60.2279
Equatorial Guinea,GNQ,2015,60.6347
Equatorial Guinea,GNQ,2016,61.081
Equatorial Guinea,GNQ,2017,61.4808
Equatorial Guinea,GNQ,2018,61.9151
Equatorial Guinea,GNQ,2019,62.2965
Eritrea,ERI,2010,63.6653
Eritrea,ERI,2011,64.2314
Eritrea,ERI,2012,64.6965
Eritrea,ERI,2013,65.005
Eritrea,ERI,2014,65.5166
Eritrea,ERI,2015,65.9094
Eritrea,ERI,2016,66.242
Eritrea,ERI,2017,66.6115
Eritrea,ERI,2018,66.9787
Eritrea,ERI,2019,67.3061
Estonia,EST,2010,75.8816
Estonia,EST,2011,76.3462
Estonia,EST,2012,76.4159
Estonia,EST,2013,77.252
Estonia,EST,2014,77.1104
Estonia,EST,2015,77.665
Estonia,EST,2016,77.7631
Estonia,EST,2017,78.1814
Estonia,EST,2018,78.3339
Estonia,EST,2019,78.7728
Eswatini,SWZ,2010,48.331
Eswatini,SWZ,2011,49.0568
Eswatini,SWZ,2012,50.7143
Eswatini,SWZ,2013,52.1102
Eswatini,SWZ,2014,53.4913
Eswatini,SWZ,2015,54.9407
Eswatini,SWZ,2016,56.2284
Eswatini,SWZ,2017,57.5742
Eswatini,SWZ,2018,58.7072
Eswatini,SWZ,2019,59.8496
Ethiopia,ETH,2010,59.7094
Ethiopia,ETH,2011,60.5947
Ethiopia,ETH,2012,61.4426
Ethiopia,ETH,2013,62.1613
Ethiopia,ETH,2014,62.9272
Ethiopia,ETH,2015,63.592
Ethiopia,ETH,2016,64.1624
Ethiopia,ETH,2017,64.7659
Ethiopia,ETH,2018,65.2573
Ethiopia,ETH,2019,65.7413
Fiji,FJI,2010,66.7782
Fiji,FJI,2011,66.8803
Fiji,FJI,2012,65.8121
Fiji,FJI,2013,66.5446
Fiji,FJI,2014,66.5808
Fiji,FJI,2015,66.4798
Fiji,FJI,2016,66.657
Fiji,FJI,2017,67.0596
Fiji,FJI,2018,66.9645
Fiji,FJI,2019,67.0088
Finland,FIN,2010,80.0116
Finland,FIN,2011,80.3916
Finland,FIN,2012,80.5076
Finland,FIN,2013,80.869
Finland,FIN,2014,81.0546
Finland,FIN,2015,81.3775
Finland,FIN,2016,81.3029
Finland,FIN,2017,81.4967
Finland,FIN,2018,81.6265
Finland,FIN,2019,81.8643
France,FRA,2010,81.4047
France,FRA,2011,81.781
France,FRA,2012,81.739
France,FRA,2013,81.9786
France,FRA,2014,82.4366
France,FRA,2015,82.1487
France,FRA,2016,82.4008
France,FRA,2017,82.4385
France,FRA,2018,82.5682
France,FRA,2019,82.7304
Gabon,GAB,2010,64.7148
Gabon,GAB,2011,65.1016
Gabon,GAB,2012,65.4384
Gabon,GAB,2013,65.7506
Gabon,GAB,2014,66.0698
Gabon,GAB,2015,66.3361
Gabon,GAB,2016,66.5832
Gabon,GAB,2017,66.8163
Gabon,GAB,2018,67.0426
Gabon,GAB,2019,67.3369
Gambia,GMB,2010,61.1675
Gambia,GMB,2011,61.5612
Gambia,GMB,2012,61.9
Gambia,GMB,2013,62.2525
Gambia,GMB,2014,62.5759
Gambia,GMB,2015,62.9713
Gambia,GMB,2016,63.3862
Gambia,GMB,2017,63.7076
Gambia,GMB,2018,64.0339
Gambia,GMB,2019,64.4275
Georgia,GEO,2010,71.7318
Georgia,GEO,2011,72.4846
Georgia,GEO,2012,72.6721
Georgia,GEO,2013,73.0247
Georgia,GEO,2014,73.1051
Georgia,GEO,2015,73.241
Georgia,GEO,2016,73.1358
Georgia,GEO,2017,73.4347
Georgia,GEO,2018,73.9847
Georgia,GEO,2019,74.1649
Germany,DEU,2010,80.0814
Germany,DEU,2011,80.3549
Germany,DEU,2012,80.5017
Germany,DEU,2013,80.454
Germany,DEU,2014,80.9056
Germany,DEU,2015,80.5658
Germany,DEU,2016,80.8371
Germany,DEU,2017,80.9371
Germany,DEU,2018,80.8747
Germany,DEU,2019,81.1893
Ghana,GHA,2010,61.2974
Ghana,GHA,2011,61.6169
Ghana,GHA,2012,61.9954
Ghana,GHA,2013,62.3969
Ghana,GHA,2014,62.8321
Ghana,GHA,2015,63.1749
Ghana,GHA,2016,63.5216
Ghana,GHA,2017,63.829
Ghana,GHA,2018,64.1382
Ghana,GHA,2019,64.4554
Greece,GRC,2010,80.5727
Greece,GRC,2011,80.6248
Greece,GRC,2012,80.4221
Greece,GRC,2013,81.067
Greece,GRC,2014,81.1203
Greece,GRC,2015,80.7894
Greece,GRC,2016,81.2692
Greece,GRC,2017,80.9614
Greece,GRC,2018,81.4954
Greece,GRC,2019,81.3487
Grenada,GRD,2010,74.7308
Grenada,GRD,2011,74.8608
Grenada,GRD,2012,74.9607
Grenada,GRD,2013,75.0221
Grenada,GRD,2014,75.0449
Grenada,GRD,2015,75.0375
Grenada,GRD,2016,75.0099
Grenada,GRD,2017,74.9766
Grenada,GRD,2018,74.9569
Grenada,GRD,2019,74.9711
Guatemala,GTM,2010,69.885
Guatemala,GTM,2011,70.3214
Guatemala,GTM,2012,70.7225
Guatemala,GTM,2013,70.878
Guatemala,GTM,2014,70.9424
Guatemala,GTM,2015,70.9148
Guatemala,GTM,2016,71.215
Guatemala,GTM,2017,71.5829
Guatemala,GTM,2018,71.4964
Guatemala,GTM,2019,71.6394
Guinea,GIN,2010,56.4305
Guinea,GIN,2011,56.7776
Guinea,GIN,2012,57.1169
Guinea,GIN,2013,57.4588
Guinea,GIN,2014,57.5815
Guinea,GIN,2015,57.8986
Guinea,GIN,2016,58.49
Guinea,GIN,2017,58.7151
Guinea,GIN,2018,59.0434
Guinea,GIN,2019,59.3785
Guinea-Bissau,GNB,2010,56.9992
Guinea-Bissau,GNB,2011,57.6626
Guinea-Bissau,GNB,2012,58.27
Guinea-Bissau,GNB,2013,58.8789
Guinea-Bissau,GNB,2014,59.476
Guinea-Bissau,GNB,2015,60.0708
Guinea-Bissau,GNB,2016,60.6187
Guinea-Bissau,GNB,2017,61.1484
Guinea-Bissau,GNB,2018,61.6516
Guinea-Bissau,GNB,2019,62.1612
Guyana,GUY,2010,66.2043
Guyana,GUY,2011,66.4688
Guyana,GUY,2012,66.4433
Guyana,GUY,2013,66.7099
Guyana,GUY,2014,67.3343
Guyana,GUY,2015,67.7193
Guyana,GUY,2016,68.0685
Guyana,GUY,2017,68.5431
Guyana,GUY,2018,68.8288
Guyana,GUY,2019,69.0673
Haiti,HTI,2010,45.5768
Haiti,HTI,2011,61.5812
Haiti,HTI,2012,62.2735
Haiti,HTI,2013,62.6245
Haiti,HTI,2014,62.9689
Haiti,HTI,2015,63.2239
Haiti,HTI,2016,63.3247
Haiti,HTI,2017,63.8323
Haiti,HTI,2018,64.0766
Haiti,HTI,2019,64.3281
Honduras,HND,2010,69.7697
Honduras,HND,2011,70.116
Honduras,HND,2012,70.4605
Honduras,HND,2013,70.7648
Honduras,HND,2014,71.0316
Honduras,HND,2015,71.323
Honduras,HND,2016,71.6152
Honduras,HND,2017,71.8046
Honduras,HND,2018,72.0005
Honduras,HND,2019,72.1238
Hungary,HUN,2010,74.5189
Hungary,HUN,2011,74.9226
Hungary,HUN,2012,75.1826
Hungary,HUN,2013,75.6827
Hungary,HUN,2014,75.8493
Hungary,HUN,2015,75.6536
Hungary,HUN,2016,76.1569
Hungary,HUN,2017,76.007
Hungary,HUN,2018,76.2049
Hungary,HUN,2019,76.4546
Iceland,ISL,2010,81.5939
Iceland,ISL,2011,81.9725
Iceland,ISL,2012,82.3459
Iceland,ISL,2013,81.7425
Iceland,ISL,2014,82.4298
Iceland,ISL,2015,82.1638
Iceland,ISL,2016,81.8286
Iceland,ISL,2017,82.241
Iceland,ISL,2018,82.4526
Iceland,ISL,2019,82.8474
India,IND,2010,67.1616
India,IND,2011,67.6228
India,IND,2012,68.0763
India,IND,2013,68.499
India,IND,2014,68.9323
India,IND,2015,69.326
India,IND,2016,69.7091
India,IND,2017,70.0676
India,IND,2018,70.4152
India,IND,2019,70.7463
Indonesia,IDN,2010,68.3642
Indonesia,IDN,2011,68.629
Indonesia,IDN,2012,68.8617
Indonesia,IDN,2013,69.0635
Indonesia,IDN,2014,69.292
Indonesia,IDN,2015,69.5196
Indonesia,IDN,2016,69.7333
Indonesia,IDN,2017,69.9533
Indonesia,IDN,2018,70.0797
Indonesia,IDN,2019,70.3491
Iran,IRN,2010,74.3896
Iran,IRN,2011,74.7207
Iran,IRN,2012,75.039
Iran,IRN,2013,75.3486
Iran,IRN,2014,75.6352
Iran,IRN,2015,75.9073
Iran,IRN,2016,76.1551
Iran,IRN,2017,76.3963
Iran,IRN,2018,76.6205
Iran,IRN,2019,76.8549
Iraq,IRQ,2010,68.0924
Iraq,IRQ,2011,68.4351
Iraq,IRQ,2012,68.8267
Iraq,IRQ,2013,69.0469
Iraq,IRQ,2014,69.679
Iraq,IRQ,2015,69.9771
Iraq,IRQ,2016,68.6834
Iraq,IRQ,2017,69.7878
Iraq,IRQ,2018,71.1162
Iraq,IRQ,2019,71.2452
Ireland,IRL,2010,80.5992
Ireland,IRL,2011,80.7272
Ireland,IRL,2012,80.8524
Ireland,IRL,2013,81.065
Ireland,IRL,2014,81.4063
Ireland,IRL,2015,81.5326
Ireland,IRL,2016,81.6836
Ireland,IRL,2017,82.1032
Ireland,IRL,2018,82.1232
Ireland,IRL,2019,82.4108
Israel,ISR,2010,81.9742
Israel,ISR,2011,81.9892
Israel,ISR,2012,81.9849
Israel,ISR,2013,82.354
Israel,ISR,2014,82.3608
Israel,ISR,2015,82.2538
Israel,ISR,2016,82.6123
Israel,ISR,2017,82.6993
Israel,ISR,2018,82.9184
Israel,ISR,2019,82.9048
Italy,ITA,2010,82.1319
Italy,ITA,2011,82.2282
Italy,ITA,2012,82.252
Italy,ITA,2013,82.6522
Italy,ITA,2014,82.9008
Italy,ITA,2015,82.5211
Italy,ITA,2016,83.0459
Italy,ITA,2017,82.7263
Italy,ITA,2018,83.1844
Italy,ITA,2019,83.3423
Jamaica,JAM,2010,71.9789
Jamaica,JAM,2011,72.245
Jamaica,JAM,2012,72.4047
Jamaica,JAM,2013,72.4352
Jamaica,JAM,2014,72.3572
Jamaica,JAM,2015,72.2144
Jamaica,JAM,2016,72.0522
Jamaica,JAM,2017,71.8789
Jamaica,JAM,2018,71.6062
Jamaica,JAM,2019,71.5316
Japan,JPN,2010,82.916
Japan,JPN,2011,82.6705
Japan,JPN,2012,83.1676
Japan,JPN,2013,83.4018
Japan,JPN,2014,83.6434
Japan,JPN,2015,83.8832
Japan,JPN,2016,84.0568
Japan,JPN,2017,84.1891
Japan,JPN,2018,84.289
Japan,JPN,2019,84.4177
Jordan,JOR,2010,73.7973
Jordan,JOR,2011,73.9286
Jordan,JOR,2012,74.0873
Jordan,JOR,2013,74.2816
Jordan,JOR,2014,74.606
Jordan,JOR,2015,75.06
Jordan,JOR,2016,75.5501
Jordan,JOR,2017,76.0708
Jordan,JOR,2018,76.4913
Jordan,JOR,2019,76.8645
Kazakhstan,KAZ,2010,68.2575
Kazakhstan,KAZ,2011,69.1076
Kazakhstan,KAZ,2012,69.9395
Kazakhstan,KAZ,2013,70.7189
Kazakhstan,KAZ,2014,71.4149
Kazakhstan,KAZ,2015,72.0242
Kazakhstan,KAZ,2016,72.5491
Kazakhstan,KAZ,2017,72.9955
Kazakhstan,KAZ,2018,73.3693
Kazakhstan,KAZ,2019,73.6581
Kenya,KEN,2010,60.9149
Kenya,KEN,2011,61.2827
Kenya,KEN,2012,61.5373
Kenya,KEN,2013,61.7291
Kenya,KEN,2014,61.9904
Kenya,KEN,2015,62.279
Kenya,KEN,2016,62.5261
Kenya,KEN,2017,62.7248
Kenya,KEN,2018,62.8254
Kenya,KEN,2019,62.9391
Kiribati,KIR,2010,65.8595
Kiribati,KIR,2011,65.8958
Kiribati,KIR,2012,65.9081
Kiribati,KIR,2013,65.8979
Kiribati,KIR,2014,65.8687
Kiribati,KIR,2015,65.831
Kiribati,KIR,2016,65.7991
Kiribati,KIR,2017,65.7871
Kiribati,KIR,2018,65.8067
Kiribati,KIR,2019,65.8663
Kuwait,KWT,2010,77.4995
Kuwait,KWT,2011,77.8637
Kuwait,KWT,2012,78.227
Kuwait,KWT,2013,78.5831
Kuwait,KWT,2014,78.927
Kuwait,KWT,2015,79.2194
Kuwait,KWT,2016,79.5162
Kuwait,KWT,2017,79.7314
Kuwait,KWT,2018,79.8994
Kuwait,KWT,2019,80.0223
Kyrgyzstan,KGZ,2010,67.5214
Kyrgyzstan,KGZ,2011,67.7481
Kyrgyzstan,KGZ,2012,68.1419
Kyrgyzstan,KGZ,2013,68.4623
Kyrgyzstan,KGZ,2014,68.8293
Kyrgyzstan,KGZ,2015,69.3094
Kyrgyzstan,KGZ,2016,69.9095
Kyrgyzstan,KGZ,2017,70.5031
Kyrgyzstan,KGZ,2018,70.6678
Kyrgyzstan,KGZ,2019,70.8907
Laos,LAO,2010,63.6895
Laos,LAO,2011,64.505
Laos,LAO,2012,65.1262
Laos,LAO,2013,65.7226
Laos,LAO,2014,66.3497
Laos,LAO,2015,66.6881
Laos,LAO,2016,67.0136
Laos,LAO,2017,67.3452
Laos,LAO,2018,67.5942
Laos,LAO,2019,67.9113
Latvia,LVA,2010,73.0285
Latvia,LVA,2011,73.7176
Latvia,LVA,2012,73.9387
Latvia,LVA,2013,74.1873
Latvia,LVA,2014,74.306
Latvia,LVA,2015,74.6646
Latvia,LVA,2016,74.7568
Latvia,LVA,2017,74.8005
Latvia,LVA,2018,74.9793
Latvia,LVA,2019,75.6278
Lebanon,LBN,2010,77.5292
Lebanon,LBN,2011,77.7682
Lebanon,LBN,2012,77.941
Lebanon,LBN,2013,78.0365
Lebanon,LBN,2014,78.148
Lebanon,LBN,2015,78.2754
Lebanon,LBN,2016,78.3063
Lebanon,LBN,2017,78.1922
Lebanon,LBN,2018,78.2632
Lebanon,LBN,2019,78.2079
Lesotho,LSO,2010,46.0447
Lesotho,LSO,2011,46.9302
Lesotho,LSO,2012,48.2353
Lesotho,LSO,2013,49.5475
Lesotho,LSO,2014,50.7865
Lesotho,LSO,2015,51.8298
Lesotho,LSO,2016,52.9078
Lesotho,LSO,2017,53.8737
Lesotho,LSO,2018,54.6377
Lesotho,LSO,2019,55.2493
Liberia,LBR,2010,59.3577
Liberia,LBR,2011,59.4862
Liberia,LBR,2012,59.7855
Liberia,LBR,2013,59.9925
Liberia,LBR,2014,59.2101
Liberia,LBR,2015,59.2481
Liberia,LBR,2016,60.4834
Liberia,LBR,2017,60.7767
Liberia,LBR,2018,60.9995
Liberia,LBR,2019,61.2324
Libya,LBY,2010,72.1963
Libya,LBY,2011,69.9496
Libya,LBY,2012,72.1882
Libya,LBY,2013,72.3387
Libya,LBY,2014,71.2996
Libya,LBY,2015,71.644
Libya,LBY,2016,71.7987
Libya,LBY,2017,72.721
Libya,LBY,2018,73.1508
Libya,LBY,2019,72.9412
Lithuania,LTU,2010,73.1962
Lithuania,LTU,2011,73.608
Lithuania,LTU,2012,73.9644
Lithuania,LTU,2013,74.0268
Lithuania,LTU,2014,74.596
Lithuania,LTU,2015,74.4737
Lithuania,LTU,2016,74.8195
Lithuania,LTU,2017,75.7015
Lithuania,LTU,2018,75.9091
Lithuania,LTU,2019,76.4245
Luxembourg,LUX,2010,80.0987
Luxembourg,LUX,2011,80.2848
Luxembourg,LUX,2012,80.4383
Luxembourg,LUX,2013,80.8544
Luxembourg,LUX,2014,81.2359
Luxembourg,LUX,2015,81.2561
Luxembourg,LUX,2016,81.6199
Luxembourg,LUX,2017,81.0892
Luxembourg,LUX,2018,81.5187
Luxembourg,LUX,2019,81.5879
Madagascar,MDG,2010,62.5967
Madagascar,MDG,2011,62.8602
Madagascar,MDG,2012,63.0068
Madagascar,MDG,2013,63.1613
Madagascar,MDG,2014,63.2615
Madagascar,MDG,2015,63.3621
Madagascar,MDG,2016,63.4312
Madagascar,MDG,2017,63.4328
Madagascar,MDG,2018,63.4911
Madagascar,MDG,2019,63.5039
Malawi,MWI,2010,57.787
Malawi,MWI,2011,58.8589
Malawi,MWI,2012,59.8695
Malawi,MWI,2013,60.8158
Malawi,MWI,2014,61.6507
Malawi,MWI,2015,62.324
Malawi,MWI,2016,63.163
Malawi,MWI,2017,63.9145
Malawi,MWI,2018,64.4641
Malawi,MWI,2019,64.995
Malaysia,MYS,2010,75.3761
Malaysia,MYS,2011,75.4878
Malaysia,MYS,2012,75.5524
Malaysia,MYS,2013,75.464
Malaysia,MYS,2014,75.3451
Malaysia,MYS,2015,75.2876
Malaysia,MYS,2016,75.3712
Malaysia,MYS,2017,75.542
Malaysia,MYS,2018,75.7341
Malaysia,MYS,2019,75.9005
Maldives,MDV,2010,76.7556
Maldives,MDV,2011,77.1409
Maldives,MDV,2012,77.5123
Maldives,MDV,2013,77.8474
Maldives,MDV,2014,78.1873
Maldives,MDV,2015,78.6073
Maldives,MDV,2016,78.9128
Maldives,MDV,2017,79.2278
Maldives,MDV,2018,79.4331
Maldives,MDV,2019,79.7071
Mali,MLI,2010,55.9931
Mali,MLI,2011,56.3673
Mali,MLI,2012,56.6959
Mali,MLI,2013,57.0523
Mali,MLI,2014,57.4818
Mali,MLI,2015,57.8519
Mali,MLI,2016,58.2857
Mali,MLI,2017,58.562
Mali,MLI,2018,58.8728
Mali,MLI,2019,59.2173
Malta,MLT,2010,81.3977
Malta,MLT,2011,80.8038
Malta,MLT,2012,81.0638
Malta,MLT,2013,81.8181
Malta,MLT,2014,82.3176
Malta,MLT,2015,82.5914
Malta,MLT,2016,82.6567
Malta,MLT,2017,83.0891
Malta,MLT,2018,82.9083
Malta,MLT,2019,82.8387
Marshall Islands,MHL,2010,64.4977
Marshall Islands,MHL,2011,64.6407
Marshall Islands,MHL,2012,64.7761
Marshall Islands,MHL,2013,64.9545
Marshall Islands,MHL,2014,65.11
Marshall Islands,MHL,2015,65.2922
Marshall Islands,MHL,2016,65.4768
Marshall Islands,MHL,2017,65.6731
Marshall Islands,MHL,2018,65.8703
Marshall Islands,MHL,2019,66.0473
Mauritania,MRT,2010,65.6606
Mauritania,MRT,2011,65.7544
Mauritania,MRT,2012,65.808
Mauritania,MRT,2013,65.8899
Mauritania,MRT,2014,66.2069
Mauritania,MRT,2015,66.4982
Mauritania,MRT,2016,66.8235
Mauritania,MRT,2017,67.0885
Mauritania,MRT,2018,67.4195
Mauritania,MRT,2019,67.6397
Mauritius,MUS,2010,73.6475
Mauritius,MUS,2011,74.0678
Mauritius,MUS,2012,74.3302
Mauritius,MUS,2013,74.4298
Mauritius,MUS,2014,74.6143
Mauritius,MUS,2015,74.673
Mauritius,MUS,2016,74.85
Mauritius,MUS,2017,75.024
Mauritius,MUS,2018,74.4909
Mauritius,MUS,2019,74.1811
Mexico,MEX,2010,73.7181
Mexico,MEX,2011,73.9209
Mexico,MEX,2012,74.1278
Mexico,MEX,2013,74.289
Mexico,MEX,2014,74.4044
Mexico,MEX,2015,74.4315
Mexico,MEX,2016,74.3763
Mexico,MEX,2017,74.2609
Mexico,MEX,2018,74.3009
Mexico,MEX,2019,74.5302
Micronesia (country),FSM,2010,64.8919
Micronesia (country),FSM,2011,64.9685
Micronesia (country),FSM,2012,65.0802
Micronesia (country),FSM,2013,65.1786
Micronesia (country),FSM,2014,65.294
Micronesia (country),FSM,2015,65.3065
Micronesia (country),FSM,2016,65.5757
Micronesia (country),FSM,2017,65.7612
Micronesia (country),FSM,2018,65.9427
Micronesia (country),FSM,2019,66.1957
Moldova,MDA,2010,69.8759
Moldova,MDA,2011,70.1732
Moldova,MDA,2012,70.3438
Moldova,MDA,2013,70.2907
Moldova,MDA,2014,70.2407
Moldova,MDA,2015,70.118
Moldova,MDA,2016,70.1792
Moldova,MDA,2017,70.375
Moldova,MDA,2018,70.2355
Moldova,MDA,2019,70.181
Monaco,MCO,2010,84.6441
Monaco,MCO,2011,85.0099
Monaco,MCO,2012,85.0451
Monaco,MCO,2013,85.0557
Monaco,MCO,2014,85.0925
Monaco,MCO,2015,85.3231
Monaco,MCO,2016,85.6302
Monaco,MCO,2017,85.8784
Monaco,MCO,2018,86.0843
Monaco,MCO,2019,86.1507
Mongolia,MNG,2010,67.1004
Mongolia,MNG,2011,67.167
Mongolia,MNG,2012,67.6113
Mongolia,MNG,2013,68.2101
Mongolia,MNG,2014,68.7366
Mongolia,MNG,2015,69.2386
Mongolia,MNG,2016,69.736
Mongolia,MNG,2017,70.1709
Mongolia,MNG,2018,70.5743
Mongolia,MNG,2019,70.6631
Montenegro,MNE,2010,75.7125
Montenegro,MNE,2011,75.9607
Montenegro,MNE,2012,76.2367
Montenegro,MNE,2013,76.3539
Montenegro,MNE,2014,76.4679
Montenegro,MNE,2015,76.5939
Montenegro,MNE,2016,76.5647
Montenegro,MNE,2017,76.5929
Montenegro,MNE,2018,76.9215
Montenegro,MNE,2019,76.6392
Morocco,MAR,2010,70.8211
Morocco,MAR,2011,71.2634
Morocco,MAR,2012,71.674
Morocco,MAR,2013,72.1174
Morocco,MAR,2014,72.5225
Morocco,MAR,2015,72.8938
Morocco,MAR,2016,73.2279
Morocco,MAR,2017,73.6079
Morocco,MAR,2018,73.9456
Morocco,MAR,2019,74.2446
Mozambique,MOZ,2010,55.0397
Mozambique,MOZ,2011,55.7334
Mozambique,MOZ,2012,56.4604
Mozambique,MOZ,2013,57.1889
Mozambique,MOZ,2014,57.965
Mozambique,MOZ,2015,58.711
Mozambique,MOZ,2016,59.455
Mozambique,MOZ,2017,60.1484
Mozambique,MOZ,2018,60.7904
Mozambique,MOZ,2019,61.3059
Myanmar,MMR,2010,63.4791
Myanmar,MMR,2011,63.8589
Myanmar,MMR,2012,64.2511
Myanmar,MMR,2013,64.617
Myanmar,MMR,2014,64.9941
Myanmar,MMR,2015,65.2877
Myanmar,MMR,2016,65.6399
Myanmar,MMR,2017,65.9086
Myanmar,MMR,2018,66.2322
Myanmar,MMR,2019,66.4567
Namibia,NAM,2010,56.0935
Namibia,NAM,2011,56.6467
Namibia,NAM,2012,57.7335
Namibia,NAM,2013,58.4675
Namibia,NAM,2014,59.3113
Namibia,NAM,2015,60.0083
Namibia,NAM,2016,60.8098
Namibia,NAM,2017,61.661
Namibia,NAM,2018,62.5787
Namibia,NAM,2019,63.5463
Nauru,NRU,2010,60.0741
Nauru,NRU,2011,60.2868
Nauru,NRU,2012,60.5326
Nauru,NRU,2013,60.7009
Nauru,NRU,2014,60.8335
Nauru,NRU,2015,60.8969
Nauru,NRU,2016,60.9958
Nauru,NRU,2017,61.1011
Nauru,NRU,2018,61.2378
Nauru,NRU,2019,61.3931
Nepal,NPL,2010,66.7724
Nepal,NPL,2011,67.1234
Nepal,NPL,2012,67.3637
Nepal,NPL,2013,67.5978
Nepal,NPL,2014,67.812
Nepal,NPL,2015,67.3736
Nepal,NPL,2016,68.4436
Nepal,NPL,2017,68.7398
Nepal,NPL,2018,69.036
Nepal,NPL,2019,69.2992
Netherlands,NLD,2010,80.8293
Netherlands,NLD,2011,81.1096
Netherlands,NLD,2012,81.059
Netherlands,NLD,2013,81.3011
Netherlands,NLD,2014,81.6503
Netherlands,NLD,2015,81.49
Netherlands,NLD,2016,81.5549
Netherlands,NLD,2017,81.7366
Netherlands,NLD,2018,81.7813
Netherlands,NLD,2019,82.053
New Zealand,NZL,2010,81.0517
New Zealand,NZL,2011,80.8422
New Zealand,NZL,2012,81.1668
New Zealand,NZL,2013,81.6119
New Zealand,NZL,2014,81.4106
New Zealand,NZL,2015,81.5866
New Zealand,NZL,2016,82.0027
New Zealand,NZL,2017,81.6053
New Zealand,NZL,2018,81.8838
New Zealand,NZL,2019,81.8322
Nicaragua,NIC,2010,71.7608
Nicaragua,NIC,2011,72.0329
Nicaragua,NIC,2012,72.4346
Nicaragua,NIC,2013,72.5513
Nicaragua,NIC,2014,72.792
Nicaragua,NIC,2015,72.8989
Nicaragua,NIC,2016,73.1803
Nicaragua,NIC,2017,73.3892
Nicaragua,NIC,2018,73.8787
Nicaragua,NIC,2019,73.7637
Niger,NER,2010,57.0796
Niger,NER,2011,57.6001
Niger,NER,2012,57.9867
Niger,NER,2013,58.364
Niger,NER,2014,58.6934
Niger,NER,2015,58.8498
Niger,NER,2016,59.2283
Niger,NER,2017,59.5239
Niger,NER,2018,59.7646
Niger,NER,2019,60.031
Nigeria,NGA,2010,51.3145
Nigeria,NGA,2011,51.4902
Nigeria,NGA,2012,51.6876
Nigeria,NGA,2013,51.8271
Nigeria,NGA,2014,51.9401
Nigeria,NGA,2015,51.9394
Nigeria,NGA,2016,52.1894
Nigeria,NGA,2017,52.3971
Nigeria,NGA,2018,52.669
Nigeria,NGA,2019,53.0086
Niue,NIU,2010,67.6513
Niue,NIU,2011,67.8254
Niue,NIU,2012,68.0091
Niue,NIU,2013,68.2061
Niue,NIU,2014,68.4181
Niue,NIU,2015,68.6111
Niue,NIU,2016,68.7963
Niue,NIU,2017,68.9833
Niue,NIU,2018,69.1361
Niue,NIU,2019,69.2988
North Korea,PRK,2010,70.2456
North Korea,PRK,2011,70.7724
North Korea,PRK,2012,71.3171
North Korea,PRK,2013,71.8667
North Korea,PRK,2014,72.4508
North Korea,PRK,2015,72.8253
North Korea,PRK,2016,72.9708
North Korea,PRK,2017,73.0344
North Korea,PRK,2018,73.0196
North Korea,PRK,2019,72.9282
North Macedonia,MKD,2010,75.0374
North Macedonia,MKD,2011,75.1424
North Macedonia,MKD,2012,75.043
North Macedonia,MKD,2013,75.5832
North Macedonia,MKD,2014,75.6327
North Macedonia,MKD,2015,75.6289
North Macedonia,MKD,2016,75.571
North Macedonia,MKD,2017,76.1524
North Macedonia,MKD,2018,76.8835
North Macedonia,MKD,2019,76.8346
Norway,NOR,2010,81.0392
Norway,NOR,2011,81.2454
Norway,NOR,2012,81.4458
Norway,NOR,2013,81.6683
Norway,NOR,2014,82.0869
Norway,NOR,2015,82.2728
Norway,NOR,2016,82.4151
Norway,NOR,2017,82.6242
Norway,NOR,2018,82.7599
Norway,NOR,2019,82.9553
Oman,OMN,2010,77.1844
Oman,OMN,2011,77.7405
Oman,OMN,2012,78.1874
Oman,OMN,2013,78.6326
Oman,OMN,2014,79.03
Oman,OMN,2015,79.3457
Oman,OMN,2016,79.5813
Oman,OMN,2017,79.7483
Oman,OMN,2018,79.8642
Oman,OMN,2019,79.9456
Pakistan,PAK,2010,64.3784
Pakistan,PAK,2011,64.6588
Pakistan,PAK,2012,64.8834
Pakistan,PAK,2013,65.1285
Pakistan,PAK,2014,65.374
Pakistan,PAK,2015,65.6406
Pakistan,PAK,2016,65.9434
Pakistan,PAK,2017,66.2233
Pakistan,PAK,2018,66.4807
Pakistan,PAK,2019,66.7288
Palau,PLW,2010,68.3473
Palau,PLW,2011,68.6384
Palau,PLW,2012,68.8632
Palau,PLW,2013,68.9805
Palau,PLW,2014,69.062
Palau,PLW,2015,69.0702
Palau,PLW,2016,69.0464
Palau,PLW,2017,69.0189
Palau,PLW,2018,68.9885
Palau,PLW,2019,68.9816
Palestine,PSE,2010,73.3018
Palestine,PSE,2011,73.5572
Palestine,PSE,2012,73.7218
Palestine,PSE,2013,74.1404
Palestine,PSE,2014,72.7814
Palestine,PSE,2015,74.5773
Palestine,PSE,2016,74.9168
Palestine,PSE,2017,75.2159
Palestine,PSE,2018,75.3798
Palestine,PSE,2019,75.8114
Panama,PAN,2010,76.417
Panama,PAN,2011,76.6594
Panama,PAN,2012,76.8767
Panama,PAN,2013,77.1292
Panama,PAN,2014,77.3645
Panama,PAN,2015,77.5827
Panama,PAN,2016,77.7724
Panama,PAN,2017,77.9011
Panama,PAN,2018,78.2656
Panama,PAN,2019,78.5145
Papua New Guinea,PNG,2010,63.0557
Papua New Guinea,PNG,2011,63.3819
Papua New Guinea,PNG,2012,63.6389
Papua New Guinea,PNG,2013,63.9267
Papua New Guinea,PNG,2014,64.1977
Papua New Guinea,PNG,2015,64.473
Papua New Guinea,PNG,2016,64.7
Papua New Guinea,PNG,2017,64.9229
Papua New Guinea,PNG,2018,65.1139
Papua New Guinea,PNG,2019,65.3306
Paraguay,PRY,2010,72.5506
Paraguay,PRY,2011,72.7875
Paraguay,PRY,2012,73.1046
Paraguay,PRY,2013,73.2916
Paraguay,PRY,2014,73.4145
Paraguay,PRY,2015,73.4535
Paraguay,PRY,2016,73.4865
Paraguay,PRY,2017,73.4495
Paraguay,PRY,2018,73.6271
Paraguay,PRY,2019,73.6681
Peru,PER,2010,72.8858
Peru,PER,2011,73.327
Peru,PER,2012,73.9792
Peru,PER,2013,74.5905
Peru,PER,2014,75.26
Peru,PER,2015,75.7316
Peru,PER,2016,75.9508
Peru,PER,2017,75.9576
Peru,PER,2018,76.018
Peru,PER,2019,76.2749
Philippines,PHL,2010,68.8833
Philippines,PHL,2011,69.0963
Philippines,PHL,2012,69.2375
Philippines,PHL,2013,69.2828
Philippines,PHL,2014,69.3106
Philippines,PHL,2015,69.4501
Philippines,PHL,2016,69.4896
Philippines,PHL,2017,69.9661
Philippines,PHL,2018,69.7615
Philippines,PHL,2019,69.6804
Poland,POL,2010,76.2823
Poland,POL,2011,76.5683
Poland,POL,2012,76.7748
Poland,POL,2013,77.0758
Poland,POL,2014,77.312
Poland,POL,2015,77.5894
Poland,POL,2016,77.6395
Poland,POL,2017,77.7155
Poland,POL,2018,77.6232
Poland,POL,2019,77.9213
Portugal,PRT,2010,80.1149
Portugal,PRT,2011,80.5822
Portugal,PRT,2012,80.5549
Portugal,PRT,2013,80.9029
Portugal,PRT,2014,81.3135
Portugal,PRT,2015,81.3213
Portugal,PRT,2016,81.3636
Portugal,PRT,2017,81.6605
Portugal,PRT,2018,81.5915
Portugal,PRT,2019,81.9587
Qatar,QAT,2010,79.4438
Qatar,QAT,2011,79.9943
Qatar,QAT,2012,80.4994
Qatar,QAT,2013,80.9735
Qatar,QAT,2014,81.3955
Qatar,QAT,2015,81.785
Qatar,QAT,2016,82.1472
Qatar,QAT,2017,82.4583
Qatar,QAT,2018,82.7136
Qatar,QAT,2019,82.9454
Romania,ROU,2010,73.5793
Romania,ROU,2011,74.2877
Romania,ROU,2012,74.314
Romania,ROU,2013,74.9179
Romania,ROU,2014,74.7654
Romania,ROU,2015,74.7371
Romania,ROU,2016,75.0209
Romania,ROU,2017,75.0236
Romania,ROU,2018,75.1033
Romania,ROU,2019,75.3288
Russia,RUS,2010,68.1526
Russia,RUS,2011,69.7255
Russia,RUS,2012,70.1165
Russia,RUS,2013,70.6403
Russia,RUS,2014,70.7978
Russia,RUS,2015,71.3449
Russia,RUS,2016,71.9101
Russia,RUS,2017,72.845
Russia,RUS,2018,72.9363
Russia,RUS,2019,73.0658
Rwanda,RWA,2010,62.804
Rwanda,RWA,2011,63.4764
Rwanda,RWA,2012,64.1887
Rwanda,RWA,2013,64.6512
Rwanda,RWA,2014,65.0877
Rwanda,RWA,2015,65.4188
Rwanda,RWA,2016,65.7326
Rwanda,RWA,2017,66.1404
Rwanda,RWA,2018,66.3539
Rwanda,RWA,2019,66.6905
Saint Kitts and Nevis,KNA,2010,71.4516
Saint Kitts and Nevis,KNA,2011,71.4
Saint Kitts and Nevis,KNA,2012,71.3619
Saint Kitts and Nevis,KNA,2013,71.2903
Saint Kitts and Nevis,KNA,2014,71.2275
Saint Kitts and Nevis,KNA,2015,71.2112
Saint Kitts and Nevis,KNA,2016,71.2269
Saint Kitts and Nevis,KNA,2017,71.284
Saint Kitts and Nevis,KNA,2018,71.3362
Saint Kitts and Nevis,KNA,2019,71.5399
Saint Lucia,LCA,2010,72.7676
Saint Lucia,LCA,2011,72.9617
Saint Lucia,LCA,2012,72.86
Saint Lucia,LCA,2013,72.6872
Saint Lucia,LCA,2014,72.6764
Saint Lucia,LCA,2015,72.9319
Saint Lucia,LCA,2016,72.5515
Saint Lucia,LCA,2017,72.5218
Saint Lucia,LCA,2018,72.6546
Saint Lucia,LCA,2019,72.249
Saint Vincent and the Grenadines,VCT,2010,70.66
Saint Vincent and the Grenadines,VCT,2011,70.6094
Saint Vincent and the Grenadines,VCT,2012,70.5386
Saint Vincent and the Grenadines,VCT,2013,70.0912
Saint Vincent and the Grenadines,VCT,2014,70.3548
Saint Vincent and the Grenadines,VCT,2015,70.4626
Saint Vincent and the Grenadines,VCT,2016,70.6997
Saint Vincent and the Grenadines,VCT,2017,71.0126
Saint Vincent and the Grenadines,VCT,2018,71.0174
Saint Vincent and the Grenadines,VCT,2019,70.9944
Samoa,WSM,2010,71.4512
Samoa,WSM,2011,71.393
Samoa,WSM,2012,71.1593
Samoa,WSM,2013,71.2291
Samoa,WSM,2014,71.1416
Samoa,WSM,2015,71.0599
Samoa,WSM,2016,71.0027
Samoa,WSM,2017,70.991
Samoa,WSM,2018,71.0516
Samoa,WSM,2019,70.2695
San Marino,SMR,2010,83.4638
San Marino,SMR,2011,83.7132
San Marino,SMR,2012,83.9427
San Marino,SMR,2013,84.1749
San Marino,SMR,2014,84.3941
San Marino,SMR,2015,84.5959
San Marino,SMR,2016,84.7751
San Marino,SMR,2017,84.9326
San Marino,SMR,2018,85.0947
San Marino,SMR,2019,85.2565
Sao Tome and Principe,STP,2010,63.8667
Sao Tome and Principe,STP,2011,64.1217
Sao Tome and Principe,STP,2012,64.5053
Sao Tome and Principe,STP,2013,64.9301
Sao Tome and Principe,STP,2014,65.4775
Sao Tome and Principe,STP,2015,66.0231
Sao Tome and Principe,STP,2016,66.5632
Sao Tome and Principe,STP,2017,67.0741
Sao Tome and Principe,STP,2018,67.6015
Sao Tome and Principe,STP,2019,68.0435
Saudi Arabia,SAU,2010,75.6161
Saudi Arabia,SAU,2011,75.8081
Saudi Arabia,SAU,2012,76.0896
Saudi Arabia,SAU,2013,76.5169
Saudi Arabia,SAU,2014,77.1159
Saudi Arabia,SAU,2015,77.7762
Saudi Arabia,SAU,2016,78.3537
Saudi Arabia,SAU,2017,78.7213
Saudi Arabia,SAU,2018,78.7499
Saudi Arabia,SAU,2019,78.3132
Senegal,SEN,2010,64.2214
Senegal,SEN,2011,64.7987
Senegal,SEN,2012,65.2291
Senegal,SEN,2013,65.6376
Senegal,SEN,2014,66.0014
Senegal,SEN,2015,66.4511
Senegal,SEN,2016,66.724
Senegal,SEN,2017,67.0589
Senegal,SEN,2018,67.3792
Senegal,SEN,2019,67.668
Serbia,SRB,2010,74.3762
Serbia,SRB,2011,74.7194
Serbia,SRB,2012,75.0888
Serbia,SRB,2013,75.3461
Serbia,SRB,2014,75.4778
Serbia,SRB,2015,75.653
Serbia,SRB,2016,75.7375
Serbia,SRB,2017,75.7921
Serbia,SRB,2018,76.0356
Serbia,SRB,2019,76.0585
Seychelles,SYC,2010,72.4771
Seychelles,SYC,2011,72.5062
Seychelles,SYC,2012,72.4907
Seychelles,SYC,2013,72.4279
Seychelles,SYC,2014,72.3545
Seychelles,SYC,2015,72.2854
Seychelles,SYC,2016,72.2456
Seychelles,SYC,2017,72.2319
Seychelles,SYC,2018,72.1756
Seychelles,SYC,2019,72.1226
Sierra Leone,SLE,2010,51.9272
Sierra Leone,SLE,2011,52.5936
Sierra Leone,SLE,2012,53.159
Sierra Leone,SLE,2013,54.0515
Sierra Leone,SLE,2014,54.2809
Sierra Leone,SLE,2015,55.454
Sierra Leone,SLE,2016,56.9368
Sierra Leone,SLE,2017,57.761
Sierra Leone,SLE,2018,59.0587
Sierra Leone,SLE,2019,59.5935
Singapore,SGP,2010,81.6472
Singapore,SGP,2011,81.9417
Singapore,SGP,2012,82.2089
Singapore,SGP,2013,82.4676
Singapore,SGP,2014,82.6146
Singapore,SGP,2015,82.7479
Singapore,SGP,2016,82.897
Singapore,SGP,2017,83.0947
Singapore,SGP,2018,83.3783
Singapore,SGP,2019,83.6622
Slovakia,SVK,2010,75.4963
Slovakia,SVK,2011,76.0181
Slovakia,SVK,2012,76.1764
Slovakia,SVK,2013,76.5139
Slovakia,SVK,2014,76.8484
Slovakia,SVK,2015,76.6505
Slovakia,SVK,2016,77.2156
Slovakia,SVK,2017,77.22
Slovakia,SVK,2018,77.265
Slovakia,SVK,2019,77.6863
Slovenia,SVN,2010,79.3008
Slovenia,SVN,2011,79.5884
Slovenia,SVN,2012,79.7652
Slovenia,SVN,2013,80.0884
Slovenia,SVN,2014,80.2517
Slovenia,SVN,2015,80.4994
Slovenia,SVN,2016,80.512
Slovenia,SVN,2017,80.6163
Slovenia,SVN,2018,80.861
Slovenia,SVN,2019,81.007
Solomon Islands,SLB,2010,68.6694
Solomon Islands,SLB,2011,68.8241
Solomon Islands,SLB,2012,68.9606
Solomon Islands,SLB,2013,69.0072
Solomon Islands,SLB,2014,68.9836
Solomon Islands,SLB,2015,69.3234
Solomon Islands,SLB,2016,69.5012
Solomon Islands,SLB,2017,69.6517
Solomon Islands,SLB,2018,69.8061
Solomon Islands,SLB,2019,69.9807
Somalia,SOM,2010,48.8996
Somalia,SOM,2011,32.4525
Somalia,SOM,2012,49.1384
Somalia,SOM,2013,54.0163
Somalia,SOM,2014,54.4421
Somalia,SOM,2015,55.0555
Somalia,SOM,2016,55.2828
Somalia,SOM,2017,52.1901
Somalia,SOM,2018,54.7673
Somalia,SOM,2019,57.2494
South Africa,ZAF,2010,58.8863
South Africa,ZAF,2011,60.6024
South Africa,ZAF,2012,61.7366
South Africa,ZAF,2013,62.3883
South Africa,ZAF,2014,63.1845
South Africa,ZAF,2015,64.0532
South Africa,ZAF,2016,64.7495
South Africa,ZAF,2017,65.4222
South Africa,ZAF,2018,65.726
South Africa,ZAF,2019,66.0711
South Korea,KOR,2010,80.7172
South Korea,KOR,2011,81.1685
South Korea,KOR,2012,81.3075
South Korea,KOR,2013,81.8356
South Korea,KOR,2014,82.3641
South Korea,KOR,2015,82.5404
South Korea,KOR,2016,82.9204
South Korea,KOR,2017,83.2784
South Korea,KOR,2018,83.34
South Korea,KOR,2019,83.6846
South Sudan,SSD,2010,57.4848
South Sudan,SSD,2011,57.6738
South Sudan,SSD,2012,58.2406
South Sudan,SSD,2013,58.2853
South Sudan,SSD,2014,45.6247
South Sudan,SSD,2015,39.7565
South Sudan,SSD,2016,36.72
South Sudan,SSD,2017,35.3511
South Sudan,SSD,2018,51.9049
South Sudan,SSD,2019,58.1293
Spain,ESP,2010,82.0063
Spain,ESP,2011,82.1804
Spain,ESP,2012,82.1905
Spain,ESP,2013,82.6943
Spain,ESP,2014,82.8283
Spain,ESP,2015,82.6109
Spain,ESP,2016,82.9999
Spain,ESP,2017,82.9862
Spain,ESP,2018,83.0956
Spain,ESP,2019,83.4794
Sri Lanka,LKA,2010,74.4626
Sri Lanka,LKA,2011,74.7405
Sri Lanka,LKA,2012,75.1866
Sri Lanka,LKA,2013,75.5461
Sri Lanka,LKA,2014,75.7573
Sri Lanka,LKA,2015,75.9899
Sri Lanka,LKA,2016,76.1361
Sri Lanka,LKA,2017,76.2386
Sri Lanka,LKA,2018,76.4853
Sri Lanka,LKA,2019,76.698
Sudan,SDN,2010,62.9792
Sudan,SDN,2011,63.1809
Sudan,SDN,2012,63.4273
Sudan,SDN,2013,63.4433
Sudan,SDN,2014,63.9905
Sudan,SDN,2015,64.3746
Sudan,SDN,2016,64.6773
Sudan,SDN,2017,65.1464
Sudan,SDN,2018,65.5005
Sudan,SDN,2019,65.8032
Suriname,SUR,2010,69.6262
Suriname,SUR,2011,69.8203
Suriname,SUR,2012,69.9568
Suriname,SUR,2013,70.1101
Suriname,SUR,2014,70.33
Suriname,SUR,2015,70.5671
Suriname,SUR,2016,70.9786
Suriname,SUR,2017,71.2474
Suriname,SUR,2018,71.4679
Suriname,SUR,2019,71.7734
Sweden,SWE,2010,81.519
Sweden,SWE,2011,81.7584
Sweden,SWE,2012,81.7299
Sweden,SWE,2013,81.9354
Sweden,SWE,2014,82.2241
Sweden,SWE,2015,82.1844
Sweden,SWE,2016,82.3391
Sweden,SWE,2017,82.4377
Sweden,SWE,2018,82.5321
Sweden,SWE,2019,83.0518
Switzerland,CHE,2010,82.2873
Switzerland,CHE,2011,82.5738
Switzerland,CHE,2012,82.6167
Switzerland,CHE,2013,82.6892
Switzerland,CHE,2014,83.0841
Switzerland,CHE,2015,82.8461
Switzerland,CHE,2016,83.4457
Switzerland,CHE,2017,83.414
Switzerland,CHE,2018,83.5639
Switzerland,CHE,2019,83.7804
Syria,SYR,2010,73.5417
Syria,SYR,2011,72.2593
Syria,SYR,2012,66.2064
Syria,SYR,2013,65.1457
Syria,SYR,2014,65.4916
Syria,SYR,2015,63.2651
Syria,SYR,2016,65.1896
Syria,SYR,2017,65.6508
Syria,SYR,2018,67.3711
Syria,SYR,2019,70.9701
Tajikistan,TJK,2010,68.3698
Tajikistan,TJK,2011,68.6983
Tajikistan,TJK,2012,69.1296
Tajikistan,TJK,2013,69.579
Tajikistan,TJK,2014,69.697
Tajikistan,TJK,2015,69.6647
Tajikistan,TJK,2016,69.9819
Tajikistan,TJK,2017,70.5241
Tajikistan,TJK,2018,70.7366
Tajikistan,TJK,2019,70.962
Tanzania,TZA,2010,61.1266
Tanzania,TZA,2011,61.6176
Tanzania,TZA,2012,62.2862
Tanzania,TZA,2013,62.788
Tanzania,TZA,2014,63.3638
Tanzania,TZA,2015,63.9284
Tanzania,TZA,2016,64.4037
Tanzania,TZA,2017,64.9631
Tanzania,TZA,2018,65.488
Tanzania,TZA,2019,66.0068
Thailand,THA,2010,75.0117
Thailand,THA,2011,75.3015
Thailand,THA,2012,75.5899
Thailand,THA,2013,75.9601
Thailand,THA,2014,76.2792
Thailand,THA,2015,76.5631
Thailand,THA,2016,76.7693
Thailand,THA,2017,76.9888
Thailand,THA,2018,77.1903
Thailand,THA,2019,77.1967
Togo,TGO,2010,57.2266
Togo,TGO,2011,57.6118
Togo,TGO,2012,57.9396
Togo,TGO,2013,58.3447
Togo,TGO,2014,58.7663
Togo,TGO,2015,59.2201
Togo,TGO,2016,59.6686
Togo,TGO,2017,60.1351
Togo,TGO,2018,60.6006
Togo,TGO,2019,61.0554
Tonga,TON,2010,71.3185
Tonga,TON,2011,71.4372
Tonga,TON,2012,71.5461
Tonga,TON,2013,71.6499
Tonga,TON,2014,71.7212
Tonga,TON,2015,71.851
Tonga,TON,2016,71.9505
Tonga,TON,2017,72.0657
Tonga,TON,2018,72.1691
Tonga,TON,2019,72.292
Trinidad and Tobago,TTO,2010,71.809
Trinidad and Tobago,TTO,2011,72.2323
Trinidad and Tobago,TTO,2012,72.513
Trinidad and Tobago,TTO,2013,72.7855
Trinidad and Tobago,TTO,2014,72.8984
Trinidad and Tobago,TTO,2015,72.8817
Trinidad and Tobago,TTO,2016,72.9348
Trinidad and Tobago,TTO,2017,72.9844
Trinidad and Tobago,TTO,2018,72.6582
Trinidad and Tobago,TTO,2019,72.8357
Tunisia,TUN,2010,74.4376
Tunisia,TUN,2011,74.4714
Tunisia,TUN,2012,74.5985
Tunisia,TUN,2013,74.6736
Tunisia,TUN,2014,74.7838
Tunisia,TUN,2015,74.8748
Tunisia,TUN,2016,75.0074
Tunisia,TUN,2017,75.1768
Tunisia,TUN,2018,75.37
Tunisia,TUN,2019,75.5992
Turkey,TUR,2010,74.9642
Turkey,TUR,2011,74.8234
Turkey,TUR,2012,75.5519
Turkey,TUR,2013,76.1705
Turkey,TUR,2014,76.4519
Turkey,TUR,2015,76.5389
Turkey,TUR,2016,76.5948
Turkey,TUR,2017,77.0372
Turkey,TUR,2018,77.4535
Turkey,TUR,2019,77.737
Turkmenistan,TKM,2010,68.6078
Turkmenistan,TKM,2011,68.8696
Turkmenistan,TKM,2012,68.9607
Turkmenistan,TKM,2013,68.968
Turkmenistan,TKM,2014,69.0014
Turkmenistan,TKM,2015,69.0608
Turkmenistan,TKM,2016,69.1421
Turkmenistan,TKM,2017,69.19
Turkmenistan,TKM,2018,69.2718
Turkmenistan,TKM,2019,69.4046
Tuvalu,TUV,2010,64.834
Tuvalu,TUV,2011,64.9598
Tuvalu,TUV,2012,65.0792
Tuvalu,TUV,2013,65.1713
Tuvalu,TUV,2014,65.2778
Tuvalu,TUV,2015,65.3652
Tuvalu,TUV,2016,65.51
Tuvalu,TUV,2017,65.6826
Tuvalu,TUV,2018,65.871
Tuvalu,TUV,2019,66.1085
Uganda,UGA,2010,59.9593
Uganda,UGA,2011,60.7914
Uganda,UGA,2012,61.5786
Uganda,UGA,2013,62.3531
Uganda,UGA,2014,63.0575
Uganda,UGA,2015,63.8315
Uganda,UGA,2016,64.4944
Uganda,UGA,2017,65.1738
Uganda,UGA,2018,65.7751
Uganda,UGA,2019,66.3537
Ukraine,UKR,2010,70.1883
Ukraine,UKR,2011,70.7106
Ukraine,UKR,2012,71.0896
Ukraine,UKR,2013,71.4744
Ukraine,UKR,2014,71.8034
Ukraine,UKR,2015,72.6862
Ukraine,UKR,2016,73.3894
Ukraine,UKR,2017,73.9935
Ukraine,UKR,2018,73.5691
Ukraine,UKR,2019,73.9199
United Arab Emirates,ARE,2010,81.886
United Arab Emirates,ARE,2011,81.8984
United Arab Emirates,ARE,2012,81.9129
United Arab Emirates,ARE,2013,81.95
United Arab Emirates,ARE,2014,81.9902
United Arab Emirates,ARE,2015,82.0759
United Arab Emirates,ARE,2016,82.1946
United Arab Emirates,ARE,2017,82.3884
United Arab Emirates,ARE,2018,82.4493
United Arab Emirates,ARE,2019,82.5961
United Kingdom,GBR,2010,80.3908
United Kingdom,GBR,2011,80.7961
United Kingdom,GBR,2012,80.8594
United Kingdom,GBR,2013,80.9232
United Kingdom,GBR,2014,81.1529
United Kingdom,GBR,2015,80.919
United Kingdom,GBR,2016,81.0675
United Kingdom,GBR,2017,81.164
United Kingdom,GBR,2018,81.1229
United Kingdom,GBR,2019,81.4426
United States,USA,2010,78.6681
United States,USA,2011,78.7023
United States,USA,2012,78.8169
United States,USA,2013,78.8175
United States,USA,2014,78.8785
United States,USA,2015,78.7219
United States,USA,2016,78.686
United States,USA,2017,78.6483
United States,USA,2018,78.7997
United States,USA,2019,78.916
Uruguay,URY,2010,76.6911
Uruguay,URY,2011,76.6141
Uruguay,URY,2012,76.6914
Uruguay,URY,2013,76.9531
Uruguay,URY,2014,77.1941
Uruguay,URY,2015,77.2847
Uruguay,URY,2016,77.3511
Uruguay,URY,2017,77.618
Uruguay,URY,2018,77.5273
Uruguay,URY,2019,77.5028
Uzbekistan,UZB,2010,69.8364
Uzbekistan,UZB,2011,70.1429
Uzbekistan,UZB,2012,70.4108
Uzbekistan,UZB,2013,70.6925
Uzbekistan,UZB,2014,70.9732
Uzbekistan,UZB,2015,71.3298
Uzbekistan,UZB,2016,71.5798
Uzbekistan,UZB,2017,71.7372
Uzbekistan,UZB,2018,71.9988
Uzbekistan,UZB,2019,72.0934
Vanuatu,VUT,2010,69.5703
Vanuatu,VUT,2011,69.7287
Vanuatu,VUT,2012,69.8983
Vanuatu,VUT,2013,69.9861
Vanuatu,VUT,2014,70.0433
Vanuatu,VUT,2015,70.1632
Vanuatu,VUT,2016,70.3975
Vanuatu,VUT,2017,70.4996
Vanuatu,VUT,2018,70.6259
Vanuatu,VUT,2019,70.7834
Venezuela,VEN,2010,73.0922
Venezuela,VEN,2011,73.0895
Venezuela,VEN,2012,73.0858
Venezuela,VEN,2013,73.0765
Venezuela,VEN,2014,72.8371
Venezuela,VEN,2015,73.0044
Venezuela,VEN,2016,72.0019
Venezuela,VEN,2017,71.9026
Venezuela,VEN,2018,72.6415
Venezuela,VEN,2019,72.7664
Vietnam,VNM,2010,73.6107
Vietnam,VNM,2011,73.7126
Vietnam,VNM,2012,73.7619
Vietnam,VNM,2013,73.8207
Vietnam,VNM,2014,73.8859
Vietnam,VNM,2015,73.9554
Vietnam,VNM,2016,73.9837
Vietnam,VNM,2017,74.0265
Vietnam,VNM,2018,74.1004
Vietnam,VNM,2019,74.2113
World,OWID_WRL,2010,70.089
World,OWID_WRL,2011,70.4033
World,OWID_WRL,2012,70.824
World,OWID_WRL,2013,71.1417
World,OWID_WRL,2014,71.4038
World,OWID_WRL,2015,71.606
World,OWID_WRL,2016,71.8768
World,OWID_WRL,2017,72.067
World,OWID_WRL,2018,72.3885
World,OWID_WRL,2019,72.6093
Yemen,YEM,2010,67.223
Yemen,YEM,2011,67.4124
Yemen,YEM,2012,67.569
Yemen,YEM,2013,67.961
Yemen,YEM,2014,68.0027
Yemen,YEM,2015,66.7613
Yemen,YEM,2016,67.1054
Yemen,YEM,2017,67.1198
Yemen,YEM,2018,65.9154
Yemen,YEM,2019,66.5673
Zambia,ZMB,2010,56.896
Zambia,ZMB,2011,57.8431
Zambia,ZMB,2012,58.704
Zambia,ZMB,2013,59.4452
Zambia,ZMB,2014,60.1091
Zambia,ZMB,2015,60.7284
Zambia,ZMB,2016,61.1285
Zambia,ZMB,2017,61.5644
Zambia,ZMB,2018,62.1381
Zambia,ZMB,2019,62.9145
Zimbabwe,ZWE,2010,51.9252
Zimbabwe,ZWE,2011,53.9112
Zimbabwe,ZWE,2012,55.3855
Zimbabwe,ZWE,2013,56.8422
Zimbabwe,ZWE,2014,58.106
Zimbabwe,ZWE,2015,58.9895
Zimbabwe,ZWE,2016,59.7601
Zimbabwe,ZWE,2017,60.2626
Zimbabwe,ZWE,2018,60.9055
Zimbabwe,ZWE,2019,61.0603
,,,
